{
  "recetas_total": {
    "receta": [
      {
        "id": "1",
        "nombre": "Torta de Vainilla",
        "porciones": 5,
        "categoria": "Postre",
        "ingredientes": [
          { "id": 1, "nombre": "agua", "unidad": "ml", "cantidad": 750 },
          { "id": 2, "nombre": "azúcar", "unidad": "gramos", "cantidad": 250 }
        ],
        "preparacion": "Mezclar ingredientes secos, añadir líquidos y hornear a 180°C por 45 min."
      }, 
      {
        "id": "2",
        "nombre": "Torta Húmeda de Chocolate",
        "porciones": 2,
        "categoria": "Postre",
        "ingredientes": [
        { "id": 1, "nombre": "Harina", "unidad": "gr", "cantidad": 500 },
        { "id": 2, "nombre": "Aceite", "unidad": "ml", "cantidad": 225 },
        { "id": 3, "nombre": "Huevo", "unidad": "un", "cantidad": 4 },
        { "id": 4, "nombre": "Bicarbonato", "unidad": "gr", "cantidad": 10 },
        { "id": 5, "nombre": "Polvo Hornear", "unidad": "gr", "cantidad": 15 },
        { "id": 6, "nombre": "Leche", "unidad": "ml", "cantidad": 500 },
        { "id": 7, "nombre": "Limón o Vinagre", "unidad": "ml", "cantidad": 50 },
        { "id": 8, "nombre": "Azúcar", "unidad": "gr", "cantidad": 500 },
        { "id": 9, "nombre": "Cocoa", "unidad": "gr", "cantidad": 60 },
        { "id": 10, "nombre": "Esencia Vainilla", "unidad": "ml", "cantidad": 3 },
        { "id": 11, "nombre": "Esencia Vainilla", "unidad": "gr", "cantidad": 5 }
        ],
        "preparacion": "1. Mezclar la leche con el limón/vinagre y dejar reposar. 2. Batir huevos con azúcar y aceite. 3. Cernir ingredientes secos (harina, cocoa, bicarbonato, polvo de hornear). 4. Incorporar secos y líquidos alternando. 5. Hornear a 180°C por aproximadamente 45-60 minutos."
      },
      {
        "id": "3",
        "nombre": "Wawa de 600gr",
        "porciones": 2,
        "categoria": "Pan",
        "ingredientes": [
        { "id": 1, "nombre": "Harina", "unidad": "gr", "cantidad": 1200 },
        { "id": 2, "nombre": "Levadura", "unidad": "ml", "cantidad": 50 },
        { "id": 3, "nombre": "Mejorador", "unidad": "gr", "cantidad": 5 },
        { "id": 4, "nombre": "Canela Molida", "unidad": "gr", "cantidad": 5 },
        { "id": 5, "nombre": "Clavo Olor", "unidad": "gr", "cantidad": 3 },
        { "id": 6, "nombre": "Anis tostado", "unidad": "gr", "cantidad": 2 },
        { "id": 7, "nombre": "Leche polvo", "unidad": "gr", "cantidad": 40 },
        { "id": 8, "nombre": "Agua", "unidad": "gr", "cantidad": 250 },
        { "id": 9, "nombre": "Azucar", "unidad": "gr", "cantidad": 250 },
        { "id": 10, "nombre": "Sal", "unidad": "gr", "cantidad": 10 },
        { "id": 11, "nombre": "Huevo", "unidad": "un", "cantidad": 3 },
        { "id": 12, "nombre": "Manteca", "unidad": "gr", "cantidad": 80 },
        { "id": 13, "nombre": "Margarina", "unidad": "gr", "cantidad": 70 },
        { "id": 14, "nombre": "Esencia vainilla", "unidad": "gr", "cantidad": 3 },
        { "id": 15, "nombre": "Grajeas", "unidad": "gr", "cantidad": 50 },
        { "id": 16, "nombre": "Pasas Manjar", "unidad": "gr", "cantidad": 250 },
        { "id": 17, "nombre": "Carteas", "unidad": "un", "cantidad": 2 }
        ],
        "preparacion": "1. Mezclar la leche con el limón/vinagre y dejar reposar. 2. Batir huevos con azúcar y aceite. 3. Cernir ingredientes secos (harina, cocoa, bicarbonato, polvo de hornear). 4. Incorporar secos y líquidos alternando. 5. Hornear a 180°C por aproximadamente 45-60 minutos."
      }
    ]
  }
}